DATA_ACC,FIGURE_ACC,DATE_ADDED,POSITION_IN_GRAPH,ALL_FIGURE_ACC,BASENAME
181RS14,BOXPLOT2_mutants.tsv,20190822,1.0,[BOXPLOT2_mutants.tsv]:[FIG-S5_HEATMAP2_genotypes.tsv]:[FIG-S7_HEATMAP3.tsv],181R-Q-862-Col-ZT12-22C_S14
181RS13,BOXPLOT2_mutants.tsv,20190822,2.0,[BOXPLOT2_mutants.tsv]:[FIG-S5_HEATMAP2_genotypes.tsv],181R-Q-861-elf3-ZT12-22C_S13
178RS14,BOXPLOT2_mutants.tsv,20190822,3.0,[BOXPLOT2_mutants.tsv]:[FIG-S5_HEATMAP2_genotypes.tsv]:[FIG-S7_HEATMAP3.tsv],178R-734-elf4-2-ZT12-22C_S14
178RS15,BOXPLOT2_mutants.tsv,20190822,4.0,[BOXPLOT2_mutants.tsv]:[FIG-S5_HEATMAP2_genotypes.tsv]:[FIG-S7_HEATMAP3.tsv],178R-735-ELF4-ox-1462-ZT12-22C_S15
178RS16,BOXPLOT2_mutants.tsv,20190822,5.0,[BOXPLOT2_mutants.tsv]:[FIG-S5_HEATMAP2_genotypes.tsv]:[FIG-S7_HEATMAP3.tsv],178R-736-elf3-1-x-ELF4-ox-1463-ZT12-22C_S16
177RS2,BOXPLOT2_mutants.tsv,20190822,6.0,[BOXPLOT2_mutants.tsv]:[FIG-S5_HEATMAP2_genotypes.tsv]:[FIG-S7_HEATMAP3.tsv],177R-738-elf4-2-x-ELF3-ox-1481-ZT12-22C_S2
184RS10,BOXPLOT2_mutants.tsv,20190822,7.0,[BOXPLOT2_mutants.tsv]:[FIG-S5_HEATMAP2_genotypes.tsv]:[FIG-S7_HEATMAP3.tsv],184R-Q-910-Col-ZT12-27C_S10
181RS27,BOXPLOT2_mutants.tsv,20190822,8.0,[BOXPLOT2_mutants.tsv]:[FIG-S5_HEATMAP2_genotypes.tsv],181R-Q-875-1487-ZT12-27C-adult_S27
177RS3,BOXPLOT2_mutants.tsv,20190822,9.0,[BOXPLOT2_mutants.tsv]:[FIG-S5_HEATMAP2_genotypes.tsv],177R-739-elf3-1-ZT12-27C_S3
177RS6,BOXPLOT2_mutants.tsv,20190822,10.0,[BOXPLOT2_mutants.tsv]:[FIG-S5_HEATMAP2_genotypes.tsv]:[FIG-S7_HEATMAP3.tsv],177R-742-elf3-1-x-ELF4-ox-1463-ZT12-27C_S6
177RS20,BOXPLOT3_Qlines.tsv,20190822,1.0,[BOXPLOT3_Qlines.tsv]:[FIG-S6_HEATMAP1_Q-lines.tsv]:[FIG-S7_HEATMAP3.tsv],177R-757-Q0-2-ZT12-22C_S20
177RS21,BOXPLOT3_Qlines.tsv,20190822,2.0,[BOXPLOT3_Qlines.tsv]:[FIG-S6_HEATMAP1_Q-lines.tsv]:[FIG-S7_HEATMAP3.tsv],177R-758-Q0-15-ZT12-22C_S21
177RS22,BOXPLOT3_Qlines.tsv,20190822,3.0,[BOXPLOT3_Qlines.tsv]:[FIG-S6_HEATMAP1_Q-lines.tsv]:[FIG-S7_HEATMAP3.tsv],177R-759-Q7-6-ZT12-22C_S22
177RS23,BOXPLOT3_Qlines.tsv,20190822,4.0,[BOXPLOT3_Qlines.tsv]:[FIG-S6_HEATMAP1_Q-lines.tsv]:[FIG-S7_HEATMAP3.tsv],177R-760-Q7-17-ZT12-22C_S23
177RS24,BOXPLOT3_Qlines.tsv,20190822,5.0,[BOXPLOT3_Qlines.tsv]:[FIG-S6_HEATMAP1_Q-lines.tsv]:[FIG-S7_HEATMAP3.tsv],177R-761-Q21-7-ZT12-22C_S24
178RS17,BOXPLOT3_Qlines.tsv,20190822,6.0,[BOXPLOT3_Qlines.tsv]:[FIG-S6_HEATMAP1_Q-lines.tsv]:[FIG-S7_HEATMAP3.tsv],178R-762-Q21-23-ZT12-22C_S17
178RS18,BOXPLOT3_Qlines.tsv,20190822,7.0,[BOXPLOT3_Qlines.tsv]:[FIG-S6_HEATMAP1_Q-lines.tsv]:[FIG-S7_HEATMAP3.tsv],178R-763-Q0-2-ZT12-27C_S18
177RS10,BOXPLOT3_Qlines.tsv,20190822,8.0,[BOXPLOT3_Qlines.tsv]:[FIG-S6_HEATMAP1_Q-lines.tsv]:[FIG-S7_HEATMAP3.tsv],177R-764-Q0-15-ZT12-27C_S10
178RS20,BOXPLOT3_Qlines.tsv,20190822,9.0,[BOXPLOT3_Qlines.tsv]:[FIG-S6_HEATMAP1_Q-lines.tsv]:[FIG-S7_HEATMAP3.tsv],178R-765-Q7-6-ZT12-27C_S20
178RS22,BOXPLOT3_Qlines.tsv,20190822,10.0,[BOXPLOT3_Qlines.tsv]:[FIG-S6_HEATMAP1_Q-lines.tsv]:[FIG-S7_HEATMAP3.tsv],178R-767-Q21-7-ZT12-27C_S22
178RS23,BOXPLOT3_Qlines.tsv,20190822,11.0,[BOXPLOT3_Qlines.tsv]:[FIG-S6_HEATMAP1_Q-lines.tsv]:[FIG-S7_HEATMAP3.tsv],178R-768-Q21-23-ZT12-27C_S23
184RS6,BOXPLOT_1_OX-lines.tsv,20190822,1.0,[BOXPLOT_1_OX-lines.tsv],184R-Q-906-1480-ZT12-12C_S6
184RS8,BOXPLOT_1_OX-lines.tsv,20190822,2.0,[BOXPLOT_1_OX-lines.tsv],184R-Q-908-4196-ZT12-12C_S8
184RS7,BOXPLOT_1_OX-lines.tsv,20190822,3.0,[BOXPLOT_1_OX-lines.tsv],184R-Q-907-4195-ZT12-12C_S7
177RS1,BOXPLOT_1_OX-lines.tsv,20190822,4.0,[BOXPLOT_1_OX-lines.tsv]:[FIG-S5_HEATMAP2_genotypes.tsv],177R-737-ELF3-ox-1480-ZT12-22C_S1
181RS12,BOXPLOT_1_OX-lines.tsv,20190822,5.0,[BOXPLOT_1_OX-lines.tsv]:[FIG-S5_HEATMAP2_genotypes.tsv]:[FIG-S7_HEATMAP3.tsv],181R-Q-860-4196-ZT12-22C_S12
181RS11,BOXPLOT_1_OX-lines.tsv,20190822,6.0,[BOXPLOT_1_OX-lines.tsv]:[FIG-S5_HEATMAP2_genotypes.tsv]:[FIG-S7_HEATMAP3.tsv],181R-Q-859-4195-ZT12-22C_S11
177RS7,BOXPLOT_1_OX-lines.tsv,20190822,7.0,[BOXPLOT_1_OX-lines.tsv]:[FIG-S5_HEATMAP2_genotypes.tsv],177R-743-ELF3-ox-1480-ZT12-27C_S7
181RS22,BOXPLOT_1_OX-lines.tsv,20190822,8.0,[BOXPLOT_1_OX-lines.tsv]:[FIG-S5_HEATMAP2_genotypes.tsv],181R-Q-870-4196-ZT12-27C-adult_S22
181RS16,BOXPLOT_1_OX-lines.tsv,20190822,9.0,[BOXPLOT_1_OX-lines.tsv]:[FIG-S5_HEATMAP2_genotypes.tsv]:[FIG-S7_HEATMAP3.tsv],181R-Q-864-4195-ZT12-27C_S16
177RS1,FIG-S5_HEATMAP2_genotypes.tsv,20190906,1.0,[BOXPLOT_1_OX-lines.tsv]:[FIG-S5_HEATMAP2_genotypes.tsv],177R-737-ELF3-ox-1480-ZT12-22C_S1
181RS12,FIG-S5_HEATMAP2_genotypes.tsv,20190906,2.0,[BOXPLOT_1_OX-lines.tsv]:[FIG-S5_HEATMAP2_genotypes.tsv]:[FIG-S7_HEATMAP3.tsv],181R-Q-860-4196-ZT12-22C_S12
181RS11,FIG-S5_HEATMAP2_genotypes.tsv,20190906,3.0,[BOXPLOT_1_OX-lines.tsv]:[FIG-S5_HEATMAP2_genotypes.tsv]:[FIG-S7_HEATMAP3.tsv],181R-Q-859-4195-ZT12-22C_S11
177RS7,FIG-S5_HEATMAP2_genotypes.tsv,20190906,4.0,[BOXPLOT_1_OX-lines.tsv]:[FIG-S5_HEATMAP2_genotypes.tsv],177R-743-ELF3-ox-1480-ZT12-27C_S7
181RS22,FIG-S5_HEATMAP2_genotypes.tsv,20190906,5.0,[BOXPLOT_1_OX-lines.tsv]:[FIG-S5_HEATMAP2_genotypes.tsv],181R-Q-870-4196-ZT12-27C-adult_S22
181RS16,FIG-S5_HEATMAP2_genotypes.tsv,20190906,6.0,[BOXPLOT_1_OX-lines.tsv]:[FIG-S5_HEATMAP2_genotypes.tsv]:[FIG-S7_HEATMAP3.tsv],181R-Q-864-4195-ZT12-27C_S16
181RS14,FIG-S5_HEATMAP2_genotypes.tsv,20190906,7.0,[BOXPLOT2_mutants.tsv]:[FIG-S5_HEATMAP2_genotypes.tsv]:[FIG-S7_HEATMAP3.tsv],181R-Q-862-Col-ZT12-22C_S14
181RS13,FIG-S5_HEATMAP2_genotypes.tsv,20190906,8.0,[BOXPLOT2_mutants.tsv]:[FIG-S5_HEATMAP2_genotypes.tsv],181R-Q-861-elf3-ZT12-22C_S13
178RS14,FIG-S5_HEATMAP2_genotypes.tsv,20190906,9.0,[BOXPLOT2_mutants.tsv]:[FIG-S5_HEATMAP2_genotypes.tsv]:[FIG-S7_HEATMAP3.tsv],178R-734-elf4-2-ZT12-22C_S14
178RS15,FIG-S5_HEATMAP2_genotypes.tsv,20190906,10.0,[BOXPLOT2_mutants.tsv]:[FIG-S5_HEATMAP2_genotypes.tsv]:[FIG-S7_HEATMAP3.tsv],178R-735-ELF4-ox-1462-ZT12-22C_S15
178RS16,FIG-S5_HEATMAP2_genotypes.tsv,20190906,11.0,[BOXPLOT2_mutants.tsv]:[FIG-S5_HEATMAP2_genotypes.tsv]:[FIG-S7_HEATMAP3.tsv],178R-736-elf3-1-x-ELF4-ox-1463-ZT12-22C_S16
177RS2,FIG-S5_HEATMAP2_genotypes.tsv,20190906,12.0,[BOXPLOT2_mutants.tsv]:[FIG-S5_HEATMAP2_genotypes.tsv]:[FIG-S7_HEATMAP3.tsv],177R-738-elf4-2-x-ELF3-ox-1481-ZT12-22C_S2
184RS10,FIG-S5_HEATMAP2_genotypes.tsv,20190906,13.0,[BOXPLOT2_mutants.tsv]:[FIG-S5_HEATMAP2_genotypes.tsv]:[FIG-S7_HEATMAP3.tsv],184R-Q-910-Col-ZT12-27C_S10
181RS27,FIG-S5_HEATMAP2_genotypes.tsv,20190906,14.0,[BOXPLOT2_mutants.tsv]:[FIG-S5_HEATMAP2_genotypes.tsv],181R-Q-875-1487-ZT12-27C-adult_S27
177RS3,FIG-S5_HEATMAP2_genotypes.tsv,20190906,15.0,[BOXPLOT2_mutants.tsv]:[FIG-S5_HEATMAP2_genotypes.tsv],177R-739-elf3-1-ZT12-27C_S3
177RS6,FIG-S5_HEATMAP2_genotypes.tsv,20190906,16.0,[BOXPLOT2_mutants.tsv]:[FIG-S5_HEATMAP2_genotypes.tsv]:[FIG-S7_HEATMAP3.tsv],177R-742-elf3-1-x-ELF4-ox-1463-ZT12-27C_S6
177RS20,FIG-S6_HEATMAP1_Q-lines.tsv,20190906,1.0,[BOXPLOT3_Qlines.tsv]:[FIG-S6_HEATMAP1_Q-lines.tsv]:[FIG-S7_HEATMAP3.tsv],177R-757-Q0-2-ZT12-22C_S20
177RS21,FIG-S6_HEATMAP1_Q-lines.tsv,20190906,2.0,[BOXPLOT3_Qlines.tsv]:[FIG-S6_HEATMAP1_Q-lines.tsv]:[FIG-S7_HEATMAP3.tsv],177R-758-Q0-15-ZT12-22C_S21
177RS22,FIG-S6_HEATMAP1_Q-lines.tsv,20190906,3.0,[BOXPLOT3_Qlines.tsv]:[FIG-S6_HEATMAP1_Q-lines.tsv]:[FIG-S7_HEATMAP3.tsv],177R-759-Q7-6-ZT12-22C_S22
177RS23,FIG-S6_HEATMAP1_Q-lines.tsv,20190906,4.0,[BOXPLOT3_Qlines.tsv]:[FIG-S6_HEATMAP1_Q-lines.tsv]:[FIG-S7_HEATMAP3.tsv],177R-760-Q7-17-ZT12-22C_S23
177RS24,FIG-S6_HEATMAP1_Q-lines.tsv,20190906,5.0,[BOXPLOT3_Qlines.tsv]:[FIG-S6_HEATMAP1_Q-lines.tsv]:[FIG-S7_HEATMAP3.tsv],177R-761-Q21-7-ZT12-22C_S24
178RS17,FIG-S6_HEATMAP1_Q-lines.tsv,20190906,6.0,[BOXPLOT3_Qlines.tsv]:[FIG-S6_HEATMAP1_Q-lines.tsv]:[FIG-S7_HEATMAP3.tsv],178R-762-Q21-23-ZT12-22C_S17
178RS18,FIG-S6_HEATMAP1_Q-lines.tsv,20190906,7.0,[BOXPLOT3_Qlines.tsv]:[FIG-S6_HEATMAP1_Q-lines.tsv]:[FIG-S7_HEATMAP3.tsv],178R-763-Q0-2-ZT12-27C_S18
177RS10,FIG-S6_HEATMAP1_Q-lines.tsv,20190906,8.0,[BOXPLOT3_Qlines.tsv]:[FIG-S6_HEATMAP1_Q-lines.tsv]:[FIG-S7_HEATMAP3.tsv],177R-764-Q0-15-ZT12-27C_S10
178RS20,FIG-S6_HEATMAP1_Q-lines.tsv,20190906,9.0,[BOXPLOT3_Qlines.tsv]:[FIG-S6_HEATMAP1_Q-lines.tsv]:[FIG-S7_HEATMAP3.tsv],178R-765-Q7-6-ZT12-27C_S20
178RS22,FIG-S6_HEATMAP1_Q-lines.tsv,20190906,10.0,[BOXPLOT3_Qlines.tsv]:[FIG-S6_HEATMAP1_Q-lines.tsv]:[FIG-S7_HEATMAP3.tsv],178R-767-Q21-7-ZT12-27C_S22
178RS23,FIG-S6_HEATMAP1_Q-lines.tsv,20190906,11.0,[BOXPLOT3_Qlines.tsv]:[FIG-S6_HEATMAP1_Q-lines.tsv]:[FIG-S7_HEATMAP3.tsv],178R-768-Q21-23-ZT12-27C_S23
181RS14,FIG-S7_HEATMAP3.tsv,20190906,1.0,[BOXPLOT2_mutants.tsv]:[FIG-S5_HEATMAP2_genotypes.tsv]:[FIG-S7_HEATMAP3.tsv],181R-Q-862-Col-ZT12-22C_S14
181RS19,FIG-S7_HEATMAP3.tsv,20190906,2.0,[FIG-S7_HEATMAP3.tsv],181R-Q-867-Col-ZT12-27C_S19
184RS10,FIG-S7_HEATMAP3.tsv,20190906,3.0,[BOXPLOT2_mutants.tsv]:[FIG-S5_HEATMAP2_genotypes.tsv]:[FIG-S7_HEATMAP3.tsv],184R-Q-910-Col-ZT12-27C_S10
178RS16,FIG-S7_HEATMAP3.tsv,20190906,4.0,[BOXPLOT2_mutants.tsv]:[FIG-S5_HEATMAP2_genotypes.tsv]:[FIG-S7_HEATMAP3.tsv],178R-736-elf3-1-x-ELF4-ox-1463-ZT12-22C_S16
177RS6,FIG-S7_HEATMAP3.tsv,20190906,5.0,[BOXPLOT2_mutants.tsv]:[FIG-S5_HEATMAP2_genotypes.tsv]:[FIG-S7_HEATMAP3.tsv],177R-742-elf3-1-x-ELF4-ox-1463-ZT12-27C_S6
181RS12,FIG-S7_HEATMAP3.tsv,20190906,6.0,[BOXPLOT_1_OX-lines.tsv]:[FIG-S5_HEATMAP2_genotypes.tsv]:[FIG-S7_HEATMAP3.tsv],181R-Q-860-4196-ZT12-22C_S12
181RS17,FIG-S7_HEATMAP3.tsv,20190906,7.0,[FIG-S7_HEATMAP3.tsv],181R-Q-865-4196-ZT12-27C_S17
184RS18,FIG-S7_HEATMAP3.tsv,20190906,8.0,[FIG-S7_HEATMAP3.tsv],184R-Q-919-4196-ZT12-27C_S18
181RS11,FIG-S7_HEATMAP3.tsv,20190906,9.0,[BOXPLOT_1_OX-lines.tsv]:[FIG-S5_HEATMAP2_genotypes.tsv]:[FIG-S7_HEATMAP3.tsv],181R-Q-859-4195-ZT12-22C_S11
181RS16,FIG-S7_HEATMAP3.tsv,20190906,10.0,[BOXPLOT_1_OX-lines.tsv]:[FIG-S5_HEATMAP2_genotypes.tsv]:[FIG-S7_HEATMAP3.tsv],181R-Q-864-4195-ZT12-27C_S16
178RS14,FIG-S7_HEATMAP3.tsv,20190906,11.0,[BOXPLOT2_mutants.tsv]:[FIG-S5_HEATMAP2_genotypes.tsv]:[FIG-S7_HEATMAP3.tsv],178R-734-elf4-2-ZT12-22C_S14
177RS4,FIG-S7_HEATMAP3.tsv,20190906,12.0,[FIG-S7_HEATMAP3.tsv],177R-740-elf4-2-ZT12-27C_S4
177RS2,FIG-S7_HEATMAP3.tsv,20190906,13.0,[BOXPLOT2_mutants.tsv]:[FIG-S5_HEATMAP2_genotypes.tsv]:[FIG-S7_HEATMAP3.tsv],177R-738-elf4-2-x-ELF3-ox-1481-ZT12-22C_S2
177RS8,FIG-S7_HEATMAP3.tsv,20190906,14.0,[FIG-S7_HEATMAP3.tsv],177R-744-elf4-2-x-ELF3-ox-1481-ZT12-27C_S8
178RS15,FIG-S7_HEATMAP3.tsv,20190906,15.0,[BOXPLOT2_mutants.tsv]:[FIG-S5_HEATMAP2_genotypes.tsv]:[FIG-S7_HEATMAP3.tsv],178R-735-ELF4-ox-1462-ZT12-22C_S15
177RS5,FIG-S7_HEATMAP3.tsv,20190906,16.0,[FIG-S7_HEATMAP3.tsv],177R-741-ELF4-ox-1462-ZT12-27C_S5
177RS21,FIG-S7_HEATMAP3.tsv,20190906,17.0,[BOXPLOT3_Qlines.tsv]:[FIG-S6_HEATMAP1_Q-lines.tsv]:[FIG-S7_HEATMAP3.tsv],177R-758-Q0-15-ZT12-22C_S21
177RS10,FIG-S7_HEATMAP3.tsv,20190906,18.0,[BOXPLOT3_Qlines.tsv]:[FIG-S6_HEATMAP1_Q-lines.tsv]:[FIG-S7_HEATMAP3.tsv],177R-764-Q0-15-ZT12-27C_S10
184RS11,FIG-S7_HEATMAP3.tsv,20190906,19.0,[FIG-S7_HEATMAP3.tsv],184R-Q-911-Q0-15-1497-ZT12-27C_S11
177RS20,FIG-S7_HEATMAP3.tsv,20190906,20.0,[BOXPLOT3_Qlines.tsv]:[FIG-S6_HEATMAP1_Q-lines.tsv]:[FIG-S7_HEATMAP3.tsv],177R-757-Q0-2-ZT12-22C_S20
178RS18,FIG-S7_HEATMAP3.tsv,20190906,21.0,[BOXPLOT3_Qlines.tsv]:[FIG-S6_HEATMAP1_Q-lines.tsv]:[FIG-S7_HEATMAP3.tsv],178R-763-Q0-2-ZT12-27C_S18
178RS17,FIG-S7_HEATMAP3.tsv,20190906,22.0,[BOXPLOT3_Qlines.tsv]:[FIG-S6_HEATMAP1_Q-lines.tsv]:[FIG-S7_HEATMAP3.tsv],178R-762-Q21-23-ZT12-22C_S17
178RS23,FIG-S7_HEATMAP3.tsv,20190906,23.0,[BOXPLOT3_Qlines.tsv]:[FIG-S6_HEATMAP1_Q-lines.tsv]:[FIG-S7_HEATMAP3.tsv],178R-768-Q21-23-ZT12-27C_S23
177RS24,FIG-S7_HEATMAP3.tsv,20190906,24.0,[BOXPLOT3_Qlines.tsv]:[FIG-S6_HEATMAP1_Q-lines.tsv]:[FIG-S7_HEATMAP3.tsv],177R-761-Q21-7-ZT12-22C_S24
178RS22,FIG-S7_HEATMAP3.tsv,20190906,25.0,[BOXPLOT3_Qlines.tsv]:[FIG-S6_HEATMAP1_Q-lines.tsv]:[FIG-S7_HEATMAP3.tsv],178R-767-Q21-7-ZT12-27C_S22
184RS15,FIG-S7_HEATMAP3.tsv,20190906,26.0,[FIG-S7_HEATMAP3.tsv],184R-Q-915-Q21-7-1501-ZT12-27C_S15
177RS23,FIG-S7_HEATMAP3.tsv,20190906,27.0,[BOXPLOT3_Qlines.tsv]:[FIG-S6_HEATMAP1_Q-lines.tsv]:[FIG-S7_HEATMAP3.tsv],177R-760-Q7-17-ZT12-22C_S23
177RS22,FIG-S7_HEATMAP3.tsv,20190906,28.0,[BOXPLOT3_Qlines.tsv]:[FIG-S6_HEATMAP1_Q-lines.tsv]:[FIG-S7_HEATMAP3.tsv],177R-759-Q7-6-ZT12-22C_S22
178RS20,FIG-S7_HEATMAP3.tsv,20190906,29.0,[BOXPLOT3_Qlines.tsv]:[FIG-S6_HEATMAP1_Q-lines.tsv]:[FIG-S7_HEATMAP3.tsv],178R-765-Q7-6-ZT12-27C_S20
192CS17,fig-2c,20190822,,[fig-2c]:[figS4E_0905],ELF3myc-17C-ZT10_S17_Ath-TAIR10
192CS18,fig-2c,20190822,,[fig-2c]:[figS4E_0905],ELF3myc-27C-ZT10_S18_Ath-TAIR10
192CS1,fig-2d,20190822,,[fig-2d],1487-17-ZT10_S1_Ath-TAIR10
192CS2,fig-2d,20190822,,[fig-2d]:[figS4E_0905],1487-27-ZT10_S2_Ath-TAIR10
192CS3,fig-2d,20190822,,[fig-2d],1488-17-ZT10_S3_Ath-TAIR10
192CS4,fig-2d,20190822,,[fig-2d],1488-27-ZT10_S4_Ath-TAIR10
189CS10,fig-2e,20190905,,[fig-2e]:[figS4E_0905],gELF3myc-17C_S10
189CS11,fig-2e,20190905,,[fig-2e]:[figS4E_0905],gELF3myc-27C_S11
189CS16,fig-2e,20190905,,[fig-2e]:[figS4E_0905],1469-gELF3-myc-elf3-1xELF4-ox-ZT10-17C_S16
189CS17,fig-2e,20190905,,[fig-2e]:[figS4E_0905],1469-gELF3-myc-elf3-1xELF4-ox-ZT10-27C_S17
189CS16,figS4E_0905,20190905,1.0,[fig-2e]:[figS4E_0905],1469-gELF3-myc-elf3-1xELF4-ox-ZT10-17C_S16
189CS17,figS4E_0905,20190905,2.0,[fig-2e]:[figS4E_0905],1469-gELF3-myc-elf3-1xELF4-ox-ZT10-27C_S17
192CS17,figS4E_0905,20190905,3.0,[fig-2c]:[figS4E_0905],ELF3myc-17C-ZT10_S17_Ath-TAIR10
192CS18,figS4E_0905,20190905,4.0,[fig-2c]:[figS4E_0905],ELF3myc-27C-ZT10_S18_Ath-TAIR10
176CS1,figS4E_0905,20190905,5.0,[figS4E_0905],1487-22C-ZT10_S1_Ath-TAIR10
192CS2,figS4E_0905,20190905,6.0,[fig-2d]:[figS4E_0905],1487-27-ZT10_S2_Ath-TAIR10
176CS3,figS4E_0905,20190905,7.0,[figS4E_0905],1488-22C-ZT10_S3_Ath-TAIR10
176CS4,figS4E_0905,20190905,8.0,[figS4E_0905],1488-27C-ZT10_S4_Ath-TAIR10
176CS17,figS4E_0905,20190905,9.0,[figS4E_0905],1490-22C-ZT10_S17_Ath-TAIR10
176CS18,figS4E_0905,20190905,10.0,[figS4E_0905],1490-27C-ZT10_S18_Ath-TAIR10
176CS11,figS4E_0905,20190905,11.0,[figS4E_0905],1491-22C-ZT10_S11_Ath-TAIR10
176CS12,figS4E_0905,20190905,12.0,[figS4E_0905],1491-27C-ZT10_S12_Ath-TAIR10
176CS19,figS4E_0905,20190905,13.0,[figS4E_0905],35ELF3-HA-22C-ZT10_S19_Ath-TAIR10
176CS20,figS4E_0905,20190905,14.0,[figS4E_0905],35ELF3-HA-27C-ZT10_S20_Ath-TAIR10
182CS24,figS4E_0905,20190905,15.0,[figS4E_0905],35SELF3-27C-HA_S24_Ath-TAIR10
176CS5,figS4E_0905,20190905,16.0,[figS4E_0905],4195-22C-ZT10_S5_Ath-TAIR10
176CS6,figS4E_0905,20190905,17.0,[figS4E_0905],4195-27C-Zt10_S6_Ath-TAIR10
176CS7,figS4E_0905,20190905,18.0,[figS4E_0905],4196-22C-ZT10_S7_Ath-TAIR10
176CS8,figS4E_0905,20190905,19.0,[figS4E_0905],4196-27C-ZT10_S8_Ath-TAIR10
189CS10,figS4E_0905,20190905,20.0,[fig-2e]:[figS4E_0905],gELF3myc-17C_S10
189CS11,figS4E_0905,20190905,21.0,[fig-2e]:[figS4E_0905],gELF3myc-27C_S11
176CS21,figS4E_0905,20190905,22.0,[figS4E_0905],INPUT-379_S21_Ath-TAIR10
176CS22,figS4E_0905,20190905,23.0,[figS4E_0905],INPUT-380_S22_Ath-TAIR10
